name,prompt,negative_prompt
DEFAULT,"(masterpiece, best quality:1.3), incredibly absurd res, detailed, ultra detailed, depth of field, bokeh, 1 girl, solo, alone, standing and posing in the center, looking at viewer <lora:add_detail:1> <lora:stylesqueeze_v2:0.5> ","(worst quality:1.4), (low quality:1.4), easynegative, badhandv4, bad-hands-5, finger, toe, glasses, face cover, beard, mustache"
1GIRL,"(masterpiece, best quality:1.3), 1 girl, solo, alone, standing and posing in the center, looking at viewer <lora:add_detail:1> <lora:stylesqueeze_v2:0.5>","(worst quality:1.4), (low quality:1.4), easynegative, badhandv4, bad-hands-5, finger, toe, glasses, face cover, beard, mustache, loli, teen, child, aged down, lolita, shota, minor"
ADD MORE DETAIL,"incredibly absurd res, detailed, ultra detailed, <lora:add_detail:1> <lora:stylesqueeze_v2:0.5>"
ENHANCE,"(masterpiece, best quality:1.3), incredibly absurd res, detailed, ultra detailed, depth of field, bokeh <lora:add_detail:1> <lora:stylesqueeze_v2:0.5> ","(worst quality:1.4), (low quality:1.4), easynegative, badhandv4, bad-hands-5,"

OUTFIT MUSLIM (Woman),"MUSLIM, Modesty, hijab, abaya, thobe, kaftan, prayer garments, niqab, kufi, jilbab, shalwar kameez, headscarf, traditional attire, modest fashion, cultural dress, Islamic clothing"
OUTFIT BIKER,"BIKER, Motorcycles, leather, freedom, adventurous, road trips, brotherhood, rebellious, riding, thrill-seeking, tough, adrenaline, passion, community, helmet, gears, lifestyle, independence, camaraderie"
OUTFIT HEAVY METAL,"HEAVY METAL, Studded, leather, band t-shirts, denim, spikes, chains, black clothing, combat boots, dark aesthetic, vests, metal accessories, ripped jeans, bold graphics"
OUTFIT PUNK ROCK,"PUNK ROCK, Ripped jeans, leather jackets, band tees, safety pins, plaid, studs, combat boots, fishnet stockings, spikes, bold makeup"
OUTFIT SKATER,"SKATER, Baggy jeans, graphic tees, hoodies, sneakers, snapback hats, beanies, skateboard, cargo pants, loose-fitting clothes, streetwear, skate shoes"
OUTFIT FORMAL,"FORMAL, Suit, tie, dress shirt, dress shoes, cufflinks, blazer, trousers, formal dress, evening gown, heels, bow tie, cocktail dress, polished attire, elegant accessories"
OUTFIT NERDY,"NERDY, Glasses, suspenders, bow ties, plaid shirts, high-waisted pants, pocket protectors, graphic tees, geeky accessories, sneakers, nerdy-themed attire"
OUTFIT MILITARY,"MILITARY, Camo, fatigues, combat boots, tactical gear, uniforms, berets, insignias, helmets, vests, military jackets, patches, cargo pants"
OUTFIT FISHERMAN,"FISHERMAN, Angler, fisher, trawler, seafarer, mariner, piscator, angling enthusiast, caster, netsman, sailor, fishing enthusiast, sea rover, aquatic harvester, piscatorial artist"
OUTFIT PIRATE,"PIRATE, Bandana, tricorn hat, eye patch, billowy shirt, vest, sash, boots, belt with a buckle, pirate coat, trousers, sword, jewelry"
OUTFIT WITCH,"WITCH, Enchantress, spells, cauldron, broomstick, magic, potion, coven, sorcery, mystical, supernatural, witchcraft, spellbook, mysterious, pointy hat, folklore, bewitching, casting spells,"
OUTFIT KNIGHT,"KNIGHT, Chivalrous, armor, sword, honor, valor, medieval, gallant, shield, noble, bravery, jousting, heraldry, nobleman, code of conduct,"
OUTFIT MECHANICAL ARMOR,"ARMOR, Mechanical, robotic, futuristic, powerful, high-tech, armored, technological, exoskeletal, cybernetic, enhanced, formidable, advanced, mechanized, reinforced, automated, cutting-edge, heavy-duty, resilient, battle-ready, futuristic"
OUTFIT SEXY,"SEXY, Sensual, alluring, attractive, captivating, seductive, provocative, appealing, enticing, sultry, desirable, hot, irresistible, enchanting, glamorous, arousing, tempting, stunning, revealing, sleek, elegant,chic, stylish, daring, sophisticated, figure-hugging, eye-catching, attention-grabbing,fashionable."

THEME HALLOWEEN,"Pumpkin, Haunted, Costume, Ghost, Candy,Witch, Zombie, Skeleton, Eerie, Spooky, Bat, Mummy, Vampire, Cauldron, Werewolf, Cobweb, Graveyard, Jack-o'-lantern, Trick-or-treat, Full moon, Spooky, costumes, pumpkins, trick-or-treating, ghosts, haunted houses, candy, jack-o'-lanterns, witches, skeletons, cobwebs, eerie, frightful, supernatural, decorations, black cats, ghouls, scare, creepy, masquerade, festivities"
THEME MONSTER,"MONSTER, terrifying, colossal, ominous, grotesque, formidable, eerie, fearsome, ghastly, grotesque, nightmarish, malevolent, dreadful, beastly, sinister, horrific, formidable, monstrous, formidable, petrifying, demonic,"
THEME BIRTHDAY,"BIRTHDAY, PARTY, elebration, cake, balloons, friends, laughter, gifts, music, joy, decorations, games, surprises, happiness, memories, cheers, candles, fun, treats, festivities, wishes, happiness."
THEME CUTE,"CUTE, adorable, charming, delightful, sweet, endearing, lovable, winsome, precious, lovely, enchanting, cuddly, appealing, darling, attractive, appealing, dainty, captivating, charming, dear, lovely."
THEME CYBERPUNK,"CYBERPUNK, Dystopian, futuristic, neon, hackers, cybernetics, technology, urban, rebellion, virtual reality, gritty, augmented reality, high-tech, dark, futuristic, digital, punk, cybercrime, innovative, chaotic, atmospheric"
THEME ATOMPUNK,"ATOMPUNK, Atomic age, retro-futuristic, nuclear, sleek, streamlined, Cold War, science fiction, space exploration, energy, optimism, industrial, vintage, futuristic, advanced technology, post-World War II"
THEME DIESELPUNK,"DIESELPUNK, Diesel-powered, interwar, retro-futuristic, industrial, gritty, machinery, vintage, Art Deco, alternate history, steam engines, war machines, sleek, futuristic, mechanical, aviation, post-apocalyptic, technology, dark aesthetic,"
THEME STEAMPUNK,"STEAMPUNK , Victorian, steam-powered, industrial, brass, gears, goggles, airships, retro-futuristic, clockwork, adventure, alternate history, machinery, aesthetic, invention, ornate, vintage, sci-fi, innovation, Victorian era-inspired, Victorian, steam-powered, gears, brass, clockwork, industrial, retro-futuristic, airships, top hats, corsets, adventure, alternative history, machinery, cogs, goggles, vintage, innovation."
THEME MUSIC STUDIO,"MUSIC STUDIO, Recording, mixing, soundproofing, equipment, producer, tracks, control room, instruments, editing, mastering, acoustics, creativity, monitors, microphones, software, vocals, live room, production, sessions, sound engineering,"
THEME TRADITIONAL,"TRADITIONAL, Conventional, classic, customary, time-honored, established, standard, typical, old-fashioned, orthodox, routine, habitual, usual, customary, regular, familiar, conservative, conventional, common, tried-and-true, standard,"
THEME VILLAGE,"VILLAGE, Rural, community, quaint, countryside, charming, tight-knit, simplicity, idyllic, peaceful, farms, small-town, cottages, scenic, close community, traditions, local, serene, pastoral, neighborly",

Fooocus Enhance,,"(worst quality, low quality, normal quality, lowres, low details, oversaturated, undersaturated, overexposed, underexposed, grayscale, bw, bad photo, bad photography, bad art:1.4), (watermark, signature, text font, username, error, logo, words, letters, digits, autograph, trademark, name:1.2), (blur, blurry, grainy), morbid, ugly, asymmetrical, mutated malformed, mutilated, poorly lit, bad shadow, draft, cropped, out of frame, cut off, censored, jpeg artifacts, out of focus, glitch, duplicate, (airbrushed, cartoon, anime, semi-realistic, cgi, render, blender, digital art, manga, amateur:1.3), (3D ,3D Game, 3D Game Scene, 3D Character:1.1), (bad hands, bad anatomy, bad body, bad face, bad teeth, bad arms, bad legs, deformities:1.3)"
Fooocus Sharp,"cinematic still {prompt} . emotional, harmonious, vignette, 4k epic detailed, shot on kodak, 35mm photo, sharp focus, high budget, cinemascope, moody, epic, gorgeous, film grain, grainy","anime, cartoon, graphic, (blur, blurry, bokeh), text, painting, crayon, graphite, abstract, glitch, deformed, mutated, ugly, disfigured"
Fooocus Masterpiece,"(masterpiece), (best quality), (ultra-detailed), {prompt}, illustration, disheveled hair, detailed eyes, perfect composition, moist skin, intricate details, earrings, by wlop","longbody, lowres, bad anatomy, bad hands, missing fingers, pubic hair,extra digit, fewer digits, cropped, worst quality, low quality"
Fooocus Photograph,"photograph {prompt}, 50mm . cinematic 4k epic detailed 4k epic detailed photograph shot on kodak detailed cinematic hbo dark moody, 35mm photo, grainy, vignette, vintage, Kodachrome, Lomography, stained, highly detailed, found footage","Brad Pitt, bokeh, depth of field, blurry, cropped, regular face, saturated, contrast, deformed iris, deformed pupils, semi-realistic, cgi, 3d, render, sketch, cartoon, drawing, anime, text, cropped, out of frame, worst quality, low quality, jpeg artifacts, ugly, duplicate, morbid, mutilated, extra fingers, mutated hands, poorly drawn hands, poorly drawn face, mutation, deformed, dehydrated, bad anatomy, bad proportions, extra limbs, cloned face, disfigured, gross proportions, malformed limbs, missing arms, missing legs, extra arms, extra legs, fused fingers, too many fingers, long neck"
Fooocus Negative,,"deformed, bad anatomy, disfigured, poorly drawn face, mutated, extra limb, ugly, poorly drawn hands, missing limb, floating limbs, disconnected limbs, disconnected head, malformed hands, long neck, mutated hands and fingers, bad hands, missing fingers, cropped, worst quality, low quality, mutation, poorly drawn, huge calf, bad hands, fused hand, missing hand, disappearing arms, disappearing thigh, disappearing calf, disappearing legs, missing fingers, fused fingers, abnormal eye proportion, Abnormal hands, abnormal legs, abnormal feet, abnormal fingers, drawing, painting, crayon, sketch, graphite, impressionist, noisy, blurry, soft, deformed, ugly, anime, cartoon, graphic, text, painting, crayon, graphite, abstract, glitch"
Fooocus Cinematic,"cinematic still {prompt} . emotional, harmonious, vignette, highly detailed, high budget, bokeh, cinemascope, moody, epic, gorgeous, film grain, grainy","anime, cartoon, graphic, text, painting, crayon, graphite, abstract, glitch, deformed, mutated, ugly, disfigured"

MRE-cinematic-dynamic,"epic cinematic shot of dynamic {prompt} in motion. main subject of high budget action movie. raw photo, motion blur. best quality, high resolution","static, still, motionless, sluggish. drawing, painting, illustration, rendered. low budget. low quality, low resolution"
MRE-spontaneous-picture,"spontaneous picture of {prompt}, taken by talented amateur. best quality, high resolution. magical moment, natural look. simple but good looking","overthinked. low quality, low resolution"
MRE-artistic-vision,"powerful artistic vision of {prompt}. breathtaking masterpiece made by great artist. best quality, high resolution","insignificant, flawed, made by bad artist. low quality, low resolution"
MRE-dark-dream,"dark and unsettling dream showing {prompt}. best quality, high resolution. created by genius but depressed mad artist. grim beauty","naive, cheerful. comfortable, casual, boring, cliche. low quality, low resolution"
MRE-gloomy-art,"astonishing gloomy art made mainly of shadows and lighting, forming {prompt}. masterful usage of lighting, shadows and chiaroscuro. made by black-hearted artist, drawing from darkness. best quality, high resolution","low quality, low resolution"
MRE-bad-dream,"picture from really bad dream about terrifying {prompt}, true horror. bone-chilling vision. mad world that shouldn't exist. best quality, high resolution","nice dream, pleasant experience. low quality, low resolution"
MRE-underground,"uncanny caliginous vision of {prompt}, created by remarkable underground artist. best quality, high resolution. raw and brutal art, careless but impressive style. inspired by darkness and chaos","photography, mainstream, civilized. low quality, low resolution"
MRE-surreal-painting,"surreal painting representing strange vision of {prompt}. harmonious madness, synergy with chance. unique artstyle, mindbending art, magical surrealism. best quality, high resolution","photography, illustration, drawing. realistic, possible. logical, sane. low quality, low resolution"
MRE-dynamic-illustration,"insanely dynamic illustration of {prompt}. best quality, high resolution. crazy artstyle, careless brushstrokes, emotional and fun","photography, realistic. static, still, slow, boring. low quality, low resolution"
MRE-undead-art,"long forgotten art created by undead artist illustrating {prompt}, tribute to the death and decay. miserable art of the damned. wretched and decaying world. best quality, high resolution","alive, playful, living. low quality, low resolution"
MRE-elemental-art,"art illustrating insane amounts of raging elemental energy turning into {prompt}, avatar of elements. magical surrealism, wizardry. best quality, high resolution","photography, realistic, real. low quality, low resolution"
MRE-space-art,"winner of inter-galactic art contest illustrating {prompt}, symbol of the interstellar singularity. best quality, high resolution. artstyle previously unseen in the whole galaxy","created by human race, low quality, low resolution"
MRE-ancient-illustration,"sublime ancient illustration of {prompt}, predating human civilization. crude and simple, but also surprisingly beautiful artwork, made by genius primeval artist. best quality, high resolution","low quality, low resolution"
MRE-brave-art,"brave, shocking, and brutally true art showing {prompt}. inspired by courage and unlimited creativity. truth found in chaos. best quality, high resolution","low quality, low resolution"
MRE-heroic-fantasy,"heroic fantasy painting of {prompt}, in the dangerous fantasy world. airbrush over oil on canvas. best quality, high resolution","low quality, low resolution"
MRE-dark-cyberpunk,"dark cyberpunk illustration of brutal {prompt} in a world without hope, ruled by ruthless criminal corporations. best quality, high resolution","low quality, low resolution"
MRE-lyrical-geometry,"geometric and lyrical abstraction painting presenting {prompt}. oil on metal. best quality, high resolution","photography, realistic, drawing, rendered. low quality, low resolution"
MRE-sumi-e-symbolic,"big long brushstrokes of deep black sumi-e turning into symbolic painting of {prompt}. master level raw art. best quality, high resolution","photography, rendered. low quality, low resolution"
MRE-sumi-e-detailed,"highly detailed black sumi-e painting of {prompt}. in-depth study of perfection, created by a master. best quality, high resolution","low quality, low resolution"
MRE-manga,"manga artwork presenting {prompt}. created by japanese manga artist. highly emotional. best quality, high resolution","low quality, low resolution"
MRE-anime,"anime artwork illustrating {prompt}. created by japanese anime studio. highly emotional. best quality, high resolution","low quality, low resolution"
MRE-comic,"breathtaking illustration from adult comic book presenting {prompt}. fabulous artwork. best quality, high resolution","deformed, ugly, low quality, low resolution"

SAI-3d-model,"professional 3d model {prompt} . octane render, highly detailed, volumetric, dramatic lighting","ugly, deformed, noisy, low poly, blurry, painting"
SAI-analog film,"analog film photo {prompt} . faded film, desaturated, 35mm photo, grainy, vignette, vintage, Kodachrome, Lomography, stained, highly detailed, found footage","painting, drawing, illustration, glitch, deformed, mutated, cross-eyed, ugly, disfigured"
SAI-anime,"anime artwork {prompt} . anime style, key visual, vibrant, studio anime, highly detailed","photo, deformed, black and white, realism, disfigured, low contrast"
SAI-cinematic,"cinematic film still {prompt} . shallow depth of field, vignette, highly detailed, high budget, bokeh, cinemascope, moody, epic, gorgeous, film grain, grainy","anime, cartoon, graphic, text, painting, crayon, graphite, abstract, glitch, deformed, mutated, ugly, disfigured"
SAI-comic book,"comic {prompt} . graphic illustration, comic art, graphic novel art, vibrant, highly detailed","photograph, deformed, glitch, noisy, realistic, stock photo"
SAI-craft clay,"play-doh style {prompt} . sculpture, clay art, centered composition, Claymation","sloppy, messy, grainy, highly detailed, ultra textured, photo"
SAI-digital art,"concept art {prompt} . digital artwork, illustrative, painterly, matte painting, highly detailed","photo, photorealistic, realism, ugly"
SAI-enhance,"breathtaking {prompt} . award-winning, professional, highly detailed","ugly, deformed, noisy, blurry, distorted, grainy"
SAI-fantasy art,"ethereal fantasy concept art of  {prompt} . magnificent, celestial, ethereal, painterly, epic, majestic, magical, fantasy art, cover art, dreamy","photographic, realistic, realism, 35mm film, dslr, cropped, frame, text, deformed, glitch, noise, noisy, off-center, deformed, cross-eyed, closed eyes, bad anatomy, ugly, disfigured, sloppy, duplicate, mutated, black and white"
SAI-isometric,"isometric style {prompt} . vibrant, beautiful, crisp, detailed, ultra detailed, intricate","deformed, mutated, ugly, disfigured, blur, blurry, noise, noisy, realistic, photographic"
SAI-line art,"line art drawing {prompt} . professional, sleek, modern, minimalist, graphic, line art, vector graphics","anime, photorealistic, 35mm film, deformed, glitch, blurry, noisy, off-center, deformed, cross-eyed, closed eyes, bad anatomy, ugly, disfigured, mutated, realism, realistic, impressionism, expressionism, oil, acrylic"
SAI-lowpoly,"low-poly style {prompt} . low-poly game art, polygon mesh, jagged, blocky, wireframe edges, centered composition","noisy, sloppy, messy, grainy, highly detailed, ultra textured, photo"
SAI-neonpunk,"neonpunk style {prompt} . cyberpunk, vaporwave, neon, vibes, vibrant, stunningly beautiful, crisp, detailed, sleek, ultramodern, magenta highlights, dark purple shadows, high contrast, cinematic, ultra detailed, intricate, professional","painting, drawing, illustration, glitch, deformed, mutated, cross-eyed, ugly, disfigured"
SAI-origami,"origami style {prompt} . paper art, pleated paper, folded, origami art, pleats, cut and fold, centered composition","noisy, sloppy, messy, grainy, highly detailed, ultra textured, photo"
SAI-photographic,"cinematic photo {prompt} . 35mm photograph, film, bokeh, professional, 4k, highly detailed","drawing, painting, crayon, sketch, graphite, impressionist, noisy, blurry, soft, deformed, ugly"
SAI-pixel art,"pixel-art {prompt} . low-res, blocky, pixel art style, 8-bit graphics","sloppy, messy, blurry, noisy, highly detailed, ultra textured, photo, realistic"
SAI-texture,texture {prompt} top down close-up,"ugly, deformed, noisy, blurry"

ADS-advertising,"advertising poster style {prompt} . Professional, modern, product-focused, commercial, eye-catching, highly detailed","noisy, blurry, amateurish, sloppy, unattractive"
ADS-automotive,"automotive advertisement style {prompt} . sleek, dynamic, professional, commercial, vehicle-focused, high-resolution, highly detailed","noisy, blurry, unattractive, sloppy, unprofessional"
ADS-corporate,"corporate branding style {prompt} . professional, clean, modern, sleek, minimalist, business-oriented, highly detailed","noisy, blurry, grungy, sloppy, cluttered, disorganized"
ADS-fashion editorial,"fashion editorial style {prompt} . high fashion, trendy, stylish, editorial, magazine style, professional, highly detailed","outdated, blurry, noisy, unattractive, sloppy"
ADS-food photography,"food photography style {prompt} . appetizing, professional, culinary, high-resolution, commercial, highly detailed","unappetizing, sloppy, unprofessional, noisy, blurry"
ADS-gourmet food photography,"gourmet food photo of {prompt} . soft natural lighting, macro details, vibrant colors, fresh ingredients, glistening textures, bokeh background, styled plating, wooden tabletop, garnished, tantalizing, editorial quality","cartoon, anime, sketch, grayscale, dull, overexposed, cluttered, messy plate, deformed"
ADS-luxury,"luxury product style {prompt} . elegant, sophisticated, high-end, luxurious, professional, highly detailed","cheap, noisy, blurry, unattractive, amateurish"
ADS-real estate,"real estate photography style {prompt} . professional, inviting, well-lit, high-resolution, property-focused, commercial, highly detailed","dark, blurry, unappealing, noisy, unprofessional"
ADS-retail,"retail packaging style {prompt} . vibrant, enticing, commercial, product-focused, eye-catching, professional, highly detailed","noisy, blurry, amateurish, sloppy, unattractive"
ARTSTYLE-abstract,"abstract style {prompt} . non-representational, colors and shapes, expression of feelings, imaginative, highly detailed","realistic, photographic, figurative, concrete"

ARTSTYLE-abstract expressionism,"abstract expressionist painting {prompt} . energetic brushwork, bold colors, abstract forms, expressive, emotional","realistic, photorealistic, low contrast, plain, simple, monochrome"
ARTSTYLE-art deco,"art deco style {prompt} . geometric shapes, bold colors, luxurious, elegant, decorative, symmetrical, ornate, detailed","ugly, deformed, noisy, blurry, low contrast, realism, photorealistic, modernist, minimalist"
ARTSTYLE-art nouveau,"art nouveau style {prompt} . elegant, decorative, curvilinear forms, nature-inspired, ornate, detailed","ugly, deformed, noisy, blurry, low contrast, realism, photorealistic, modernist, minimalist"
ARTSTYLE-constructivist,"constructivist style {prompt} . geometric shapes, bold colors, dynamic composition, propaganda art style","realistic, photorealistic, low contrast, plain, simple, abstract expressionism"
ARTSTYLE-cubist,"cubist artwork {prompt} . geometric shapes, abstract, innovative, revolutionary","anime, photorealistic, 35mm film, deformed, glitch, low contrast, noisy"
ARTSTYLE-expressionist,"expressionist {prompt} . raw, emotional, dynamic, distortion for emotional effect, vibrant, use of unusual colors, detailed","realism, symmetry, quiet, calm, photo"
ARTSTYLE-graffiti,"graffiti style {prompt} . street art, vibrant, urban, detailed, tag, mural","ugly, deformed, noisy, blurry, low contrast, realism, photorealistic"
ARTSTYLE-hyperrealism,"hyperrealistic art {prompt} . extremely high-resolution details, photographic, realism pushed to extreme, fine texture, incredibly lifelike","simplified, abstract, unrealistic, impressionistic, low resolution"
ARTSTYLE-impressionist,"impressionist painting {prompt} . loose brushwork, vibrant color, light and shadow play, captures feeling over form","anime, photorealistic, 35mm film, deformed, glitch, low contrast, noisy"
ARTSTYLE-pointillism,"pointillism style {prompt} . composed entirely of small, distinct dots of color, vibrant, highly detailed","line drawing, smooth shading, large color fields, simplistic"
ARTSTYLE-pop art,"pop Art style {prompt} . bright colors, bold outlines, popular culture themes, ironic or kitsch","ugly, deformed, noisy, blurry, low contrast, realism, photorealistic, minimalist"
ARTSTYLE-psychedelic,"psychedelic style {prompt} . vibrant colors, swirling patterns, abstract forms, surreal, trippy","monochrome, black and white, low contrast, realistic, photorealistic, plain, simple"
ARTSTYLE-renaissance,"renaissance style {prompt} . realistic, perspective, light and shadow, religious or mythological themes, highly detailed","ugly, deformed, noisy, blurry, low contrast, modernist, minimalist, abstract"
ARTSTYLE-steampunk,"steampunk style {prompt} . antique, mechanical, brass and copper tones, gears, intricate, detailed","deformed, glitch, noisy, low contrast, anime, photorealistic"
ARTSTYLE-surrealist,"surrealist art {prompt} . dreamlike, mysterious, provocative, symbolic, intricate, detailed","anime, photorealistic, realistic, deformed, glitch, noisy, low contrast"
ARTSTYLE-typography,"typographic art {prompt} . stylized, intricate, detailed, artistic, text-based","ugly, deformed, noisy, blurry, low contrast, realism, photorealistic"
ARTSTYLE-watercolor,"watercolor painting {prompt} . vibrant, beautiful, painterly, detailed, textural, artistic","anime, photorealistic, 35mm film, deformed, glitch, low contrast, noisy"

FUTURISTIC-biomechanical,"biomechanical style {prompt} . blend of organic and mechanical elements, futuristic, cybernetic, detailed, intricate","natural, rustic, primitive, organic, simplistic"
FUTURISTIC-biomechanical cyberpunk,"biomechanical cyberpunk {prompt} . cybernetics, human-machine fusion, dystopian, organic meets artificial, dark, intricate, highly detailed","natural, colorful, deformed, sketch, low contrast, watercolor"
FUTURISTIC-cybernetic,"cybernetic style {prompt} . futuristic, technological, cybernetic enhancements, robotics, artificial intelligence themes","ugly, deformed, noisy, blurry, low contrast, realism, photorealistic, historical, medieval"
FUTURISTIC-cybernetic robot,"cybernetic robot {prompt} . android, AI, machine, metal, wires, tech, futuristic, highly detailed","organic, natural, human, sketch, watercolor, low contrast"
FUTURISTIC-cyberpunk cityscape,"cyberpunk cityscape {prompt} . neon lights, dark alleys, skyscrapers, futuristic, vibrant colors, high contrast, highly detailed","natural, rural, deformed, low contrast, black and white, sketch, watercolor"
FUTURISTIC-futuristic,"futuristic style {prompt} . sleek, modern, ultramodern, high tech, detailed","ugly, deformed, noisy, blurry, low contrast, realism, photorealistic, vintage, antique"
FUTURISTIC-retro cyberpunk,"retro cyberpunk {prompt} . 80's inspired, synthwave, neon, vibrant, detailed, retro futurism","modern, desaturated, black and white, realism, low contrast"
FUTURISTIC-retro futurism,"retro-futuristic {prompt} . vintage sci-fi, 50s and 60s style, atomic age, vibrant, highly detailed","contemporary, realistic, rustic, primitive"
FUTURISTIC-sci-fi,"sci-fi style {prompt} . futuristic, technological, alien worlds, space themes, advanced civilizations","ugly, deformed, noisy, blurry, low contrast, realism, photorealistic, historical, medieval"
FUTURISTIC-vaporwave,"vaporwave style {prompt} . retro aesthetic, cyberpunk, vibrant, neon colors, vintage 80s and 90s style, highly detailed","monochrome, muted colors, realism, rustic, minimalist, dark"

GAME-bubble bobble,"Bubble Bobble style {prompt} . 8-bit, cute, pixelated, fantasy, vibrant, reminiscent of Bubble Bobble game","realistic, modern, photorealistic, violent, horror"
GAME-cyberpunk game,"cyberpunk game style {prompt} . neon, dystopian, futuristic, digital, vibrant, detailed, high contrast, reminiscent of cyberpunk genre video games","historical, natural, rustic, low detailed"
GAME-fighting game,"fighting game style {prompt} . dynamic, vibrant, action-packed, detailed character design, reminiscent of fighting video games","peaceful, calm, minimalist, photorealistic"
GAME-gta,"GTA-style artwork {prompt} . satirical, exaggerated, pop art style, vibrant colors, iconic characters, action-packed","realistic, black and white, low contrast, impressionist, cubist, noisy, blurry, deformed"
GAME-mario,"Super Mario style {prompt} . vibrant, cute, cartoony, fantasy, playful, reminiscent of Super Mario series","realistic, modern, horror, dystopian, violent"
GAME-minecraft,"Minecraft style {prompt} . blocky, pixelated, vibrant colors, recognizable characters and objects, game assets","smooth, realistic, detailed, photorealistic, noise, blurry, deformed"
GAME-pokemon,"Pokémon style {prompt} . vibrant, cute, anime, fantasy, reminiscent of Pokémon series","realistic, modern, horror, dystopian, violent"
GAME-retro arcade,"retro arcade style {prompt} . 8-bit, pixelated, vibrant, classic video game, old school gaming, reminiscent of 80s and 90s arcade games","modern, ultra-high resolution, photorealistic, 3D"
GAME-retro game,"retro game art {prompt} . 16-bit, vibrant colors, pixelated, nostalgic, charming, fun","realistic, photorealistic, 35mm film, deformed, glitch, low contrast, noisy"
GAME-rpg fantasy game,"role-playing game (RPG) style fantasy {prompt} . detailed, vibrant, immersive, reminiscent of high fantasy RPG games","sci-fi, modern, urban, futuristic, low detailed"
GAME-strategy game,"strategy game style {prompt} . overhead view, detailed map, units, reminiscent of real-time strategy video games","first-person view, modern, photorealistic"
GAME-streetfighter,"Street Fighter style {prompt} . vibrant, dynamic, arcade, 2D fighting game, highly detailed, reminiscent of Street Fighter series","3D, realistic, modern, photorealistic, turn-based strategy"
GAME-zelda,"Legend of Zelda style {prompt} . vibrant, fantasy, detailed, epic, heroic, reminiscent of The Legend of Zelda series","sci-fi, modern, realistic, horror"

MISC-architectural,"architectural style {prompt} . clean lines, geometric shapes, minimalist, modern, architectural drawing, highly detailed","curved lines, ornate, baroque, abstract, grunge"
MISC-disco,"disco-themed {prompt} . vibrant, groovy, retro 70s style, shiny disco balls, neon lights, dance floor, highly detailed","minimalist, rustic, monochrome, contemporary, simplistic"
MISC-dreamscape,"dreamscape {prompt} . surreal, ethereal, dreamy, mysterious, fantasy, highly detailed","realistic, concrete, ordinary, mundane"
MISC-dystopian,"dystopian style {prompt} . bleak, post-apocalyptic, somber, dramatic, highly detailed","ugly, deformed, noisy, blurry, low contrast, cheerful, optimistic, vibrant, colorful"
MISC-fairy tale,"fairy tale {prompt} . magical, fantastical, enchanting, storybook style, highly detailed","realistic, modern, ordinary, mundane"
MISC-gothic,"gothic style {prompt} . dark, mysterious, haunting, dramatic, ornate, detailed","ugly, deformed, noisy, blurry, low contrast, realism, photorealistic, cheerful, optimistic"
MISC-grunge,"grunge style {prompt} . textured, distressed, vintage, edgy, punk rock vibe, dirty, noisy","smooth, clean, minimalist, sleek, modern, photorealistic"
MISC-horror,"horror-themed {prompt} . eerie, unsettling, dark, spooky, suspenseful, grim, highly detailed","cheerful, bright, vibrant, light-hearted, cute"
MISC-kawaii,"kawaii style {prompt} . cute, adorable, brightly colored, cheerful, anime influence, highly detailed","dark, scary, realistic, monochrome, abstract"
MISC-lovecraftian,"lovecraftian horror {prompt} . eldritch, cosmic horror, unknown, mysterious, surreal, highly detailed","light-hearted, mundane, familiar, simplistic, realistic"
MISC-macabre,"macabre style {prompt} . dark, gothic, grim, haunting, highly detailed","bright, cheerful, light-hearted, cartoonish, cute"
MISC-manga,"manga style {prompt} . vibrant, high-energy, detailed, iconic, Japanese comic style","ugly, deformed, noisy, blurry, low contrast, realism, photorealistic, Western comic style"
MISC-metropolis,"metropolis-themed {prompt} . urban, cityscape, skyscrapers, modern, futuristic, highly detailed","rural, natural, rustic, historical, simple"
MISC-minimalist,"minimalist style {prompt} . simple, clean, uncluttered, modern, elegant","ornate, complicated, highly detailed, cluttered, disordered, messy, noisy"
MISC-monochrome,"monochrome {prompt} . black and white, contrast, tone, texture, detailed","colorful, vibrant, noisy, blurry, deformed"
MISC-nautical,"nautical-themed {prompt} . sea, ocean, ships, maritime, beach, marine life, highly detailed","landlocked, desert, mountains, urban, rustic"
MISC-space,"space-themed {prompt} . cosmic, celestial, stars, galaxies, nebulas, planets, science fiction, highly detailed","earthly, mundane, ground-based, realism"
MISC-stained glass,"stained glass style {prompt} . vibrant, beautiful, translucent, intricate, detailed","ugly, deformed, noisy, blurry, low contrast, realism, photorealistic"
MISC-techwear fashion,"techwear fashion {prompt} . futuristic, cyberpunk, urban, tactical, sleek, dark, highly detailed","vintage, rural, colorful, low contrast, realism, sketch, watercolor"
MISC-tribal,"tribal style {prompt} . indigenous, ethnic, traditional patterns, bold, natural colors, highly detailed","modern, futuristic, minimalist, pastel"
MISC-zentangle,"zentangle {prompt} . intricate, abstract, monochrome, patterns, meditative, highly detailed","colorful, representative, simplistic, large fields of color"

PAPERCRAFT-collage,"collage style {prompt} . mixed media, layered, textural, detailed, artistic","ugly, deformed, noisy, blurry, low contrast, realism, photorealistic"
PAPERCRAFT-flat papercut,"flat papercut style {prompt} . silhouette, clean cuts, paper, sharp edges, minimalist, color block","3D, high detail, noise, grainy, blurry, painting, drawing, photo, disfigured"
PAPERCRAFT-kirigami,"kirigami representation of {prompt} . 3D, paper folding, paper cutting, Japanese, intricate, symmetrical, precision, clean lines","painting, drawing, 2D, noisy, blurry, deformed"
PAPERCRAFT-paper mache,"paper mache representation of {prompt} . 3D, sculptural, textured, handmade, vibrant, fun","2D, flat, photo, sketch, digital art, deformed, noisy, blurry"
PAPERCRAFT-paper quilling,"paper quilling art of {prompt} . intricate, delicate, curling, rolling, shaping, coiling, loops, 3D, dimensional, ornamental","photo, painting, drawing, 2D, flat, deformed, noisy, blurry"
PAPERCRAFT-papercut collage,"papercut collage of {prompt} . mixed media, textured paper, overlapping, asymmetrical, abstract, vibrant","photo, 3D, realistic, drawing, painting, high detail, disfigured"
PAPERCRAFT-papercut shadow box,"3D papercut shadow box of {prompt} . layered, dimensional, depth, silhouette, shadow, papercut, handmade, high contrast","painting, drawing, photo, 2D, flat, high detail, blurry, noisy, disfigured"
PAPERCRAFT-stacked papercut,"stacked papercut art of {prompt} . 3D, layered, dimensional, depth, precision cut, stacked layers, papercut, high contrast","2D, flat, noisy, blurry, painting, drawing, photo, deformed"
PAPERCRAFT-thick layered papercut,"thick layered papercut art of {prompt} . deep 3D, volumetric, dimensional, depth, thick paper, high stack, heavy texture, tangible layers","2D, flat, thin paper, low stack, smooth texture, painting, drawing, photo, deformed"

PHOTO-alien,"alien-themed {prompt} . extraterrestrial, cosmic, otherworldly, mysterious, sci-fi, highly detailed","earthly, mundane, common, realistic, simple"
PHOTO-film noir,"film noir style {prompt} . monochrome, high contrast, dramatic shadows, 1940s style, mysterious, cinematic","ugly, deformed, noisy, blurry, low contrast, realism, photorealistic, vibrant, colorful"
PHOTO-glamour,"glamorous photo {prompt} . high fashion, luxurious, extravagant, stylish, sensual, opulent, elegance, stunning beauty, professional, high contrast, detailed","ugly, deformed, noisy, blurry, distorted, grainy, sketch, low contrast, dull, plain, modest"
PHOTO-hdr,"HDR photo of {prompt} . High dynamic range, vivid, rich details, clear shadows and highlights, realistic, intense, enhanced contrast, highly detailed","flat, low contrast, oversaturated, underexposed, overexposed, blurred, noisy"
PHOTO-iphone photographic,"iphone photo {prompt} . large depth of field, deep depth of field, highly detailed","drawing, painting, crayon, sketch, graphite, impressionist, noisy, blurry, soft, deformed, ugly, shallow depth of field, bokeh"
PHOTO-long exposure,"long exposure photo of {prompt} . Blurred motion, streaks of light, surreal, dreamy, ghosting effect, highly detailed","static, noisy, deformed, shaky, abrupt, flat, low contrast"
PHOTO-neon noir,"neon noir {prompt} . cyberpunk, dark, rainy streets, neon signs, high contrast, low light, vibrant, highly detailed","bright, sunny, daytime, low contrast, black and white, sketch, watercolor"
PHOTO-silhouette,"silhouette style {prompt} . high contrast, minimalistic, black and white, stark, dramatic","ugly, deformed, noisy, blurry, low contrast, color, realism, photorealistic"
PHOTO-tilt-shift,"tilt-shift photo of {prompt} . selective focus, miniature effect, blurred background, highly detailed, vibrant, perspective control","blurry, noisy, deformed, flat, low contrast, unrealistic, oversaturated, underexposed"
